[
    {
        "id": 1,
        "title": "Revolver",
        "artist": "The Beatles",
        "description": null,
        "year": 1966,
        "image": "7.png",
        "tracks": [
            {
                "id": 1,
                "number": 1,
                "title": "Taxman",
                "lyrics": null,
                "video": null
            },
            {
                "id": 2,
                "number": 2,
                "title": "Eleanor Rigby",
                "lyrics": null,
                "video": null
            },
            {
                "id": 3,
                "number": 3,
                "title": "I'm Only Sleeping",
                "lyrics": null,
                "video": null
            },
            {
                "id": 4,
                "number": 4,
                "title": "Love You To",
                "lyrics": null,
                "video": null
            },
            {
                "id": 5,
                "number": 5,
                "title": "Here, There and Everywhere",
                "lyrics": null,
                "video": null
            },
            {
                "id": 6,
                "number": 6,
                "title": "Yellow Submarine",
                "lyrics": null,
                "video": null
            },
            {
                "id": 7,
                "number": 7,
                "title": "She Said She Said",
                "lyrics": null,
                "video": null
            },
            {
                "id": 8,
                "number": 8,
                "title": "Good Day Sunshine",
                "lyrics": null,
                "video": null
            },
            {
                "id": 9,
                "number": 9,
                "title": "And Your Bird Can Sing",
                "lyrics": null,
                "video": null
            },
            {
                "id": 10,
                "number": 10,
                "title": "For No One",
                "lyrics": null,
                "video": null
            },
            {
                "id": 11,
                "number": 11,
                "title": "Doctor Robert",
                "lyrics": null,
                "video": null
            },
            {
                "id": 12,
                "number": 12,
                "title": "I Want to Tell You",
                "lyrics": null,
                "video": null
            },
            {
                "id": 13,
                "number": 13,
                "title": "Got to Get You into My Life",
                "lyrics": null,
                "video": null
            },
            {
                "id": 14,
                "number": 14,
                "title": "Tomorrow Never Knows",
                "lyrics": null,
                "video": null
            }
        ]
    },
    {
        "id": 3,
        "title": "Rubber Soul",
        "artist": "The Beatles",
        "description": "My 2nd favorite Beatles Album",
        "year": 1965,
        "image": "6.png",
        "tracks": [
            {
                "id": 27,
                "number": 1,
                "title": "I've Just Seen a Face",
                "lyrics": null,
                "video": null
            },
            {
                "id": 28,
                "number": 2,
                "title": "Norwegian Wood (This Bird Has Flown)",
                "lyrics": null,
                "video": null
            },
            {
                "id": 29,
                "number": 3,
                "title": "You Won't See Me",
                "lyrics": null,
                "video": null
            },
            {
                "id": 30,
                "number": 4,
                "title": "Think for Yourself",
                "lyrics": null,
                "video": null
            },
            {
                "id": 31,
                "number": 5,
                "title": "The Word",
                "lyrics": null,
                "video": null
            },
            {
                "id": 32,
                "number": 6,
                "title": "Michelle",
                "lyrics": null,
                "video": null
            },
            {
                "id": 33,
                "number": 7,
                "title": "It's Only Love",
                "lyrics": null,
                "video": null
            },
            {
                "id": 34,
                "number": 8,
                "title": "Girl",
                "lyrics": null,
                "video": null
            },
            {
                "id": 35,
                "number": 9,
                "title": "I'm Looking Through You",
                "lyrics": null,
                "video": null
            },
            {
                "id": 36,
                "number": 10,
                "title": "In My Life",
                "lyrics": null,
                "video": null
            },
            {
                "id": 37,
                "number": 11,
                "title": "Wait",
                "lyrics": null,
                "video": null
            },
            {
                "id": 38,
                "number": 12,
                "title": "Run for Your Life",
                "lyrics": null,
                "video": null
            }
        ]
    }
]